{
  "Get All Achievements" : {
    "transaction" : "Get All Achievements",
    "sampleCount" : 1000,
    "errorCount" : 168,
    "errorPct" : 16.8,
    "meanResTime" : 14.885000000000002,
    "medianResTime" : 9.0,
    "minResTime" : 1.0,
    "maxResTime" : 90.0,
    "pct1ResTime" : 38.0,
    "pct2ResTime" : 50.0,
    "pct3ResTime" : 69.0,
    "throughput" : 10.087661780875811,
    "receivedKBytesPerSec" : 8.068612334940633,
    "sentKBytesPerSec" : 2.954581563789329
  },
  "Get User Profile" : {
    "transaction" : "Get User Profile",
    "sampleCount" : 1000,
    "errorCount" : 158,
    "errorPct" : 15.8,
    "meanResTime" : 17.727999999999984,
    "medianResTime" : 12.0,
    "minResTime" : 1.0,
    "maxResTime" : 105.0,
    "pct1ResTime" : 42.0,
    "pct2ResTime" : 52.0,
    "pct3ResTime" : 71.99000000000001,
    "throughput" : 10.07688664510213,
    "receivedKBytesPerSec" : 28.84141743691869,
    "sentKBytesPerSec" : 2.8640007633241633
  },
  "Get All Unlocked Achievements" : {
    "transaction" : "Get All Unlocked Achievements",
    "sampleCount" : 1000,
    "errorCount" : 354,
    "errorPct" : 35.4,
    "meanResTime" : 14.363000000000003,
    "medianResTime" : 9.0,
    "minResTime" : 1.0,
    "maxResTime" : 111.0,
    "pct1ResTime" : 39.89999999999998,
    "pct2ResTime" : 53.0,
    "pct3ResTime" : 73.98000000000002,
    "throughput" : 10.079121100640023,
    "receivedKBytesPerSec" : 3.6154516076198155,
    "sentKBytesPerSec" : 3.0071313718943706
  },
  "Update Profile" : {
    "transaction" : "Update Profile",
    "sampleCount" : 1000,
    "errorCount" : 154,
    "errorPct" : 15.4,
    "meanResTime" : 19.756999999999987,
    "medianResTime" : 13.0,
    "minResTime" : 1.0,
    "maxResTime" : 101.0,
    "pct1ResTime" : 47.0,
    "pct2ResTime" : 57.0,
    "pct3ResTime" : 82.0,
    "throughput" : 10.079121100640023,
    "receivedKBytesPerSec" : 28.993989536612407,
    "sentKBytesPerSec" : 31.257165625157484
  },
  "Comment on Post" : {
    "transaction" : "Comment on Post",
    "sampleCount" : 1000,
    "errorCount" : 353,
    "errorPct" : 35.3,
    "meanResTime" : 16.994000000000003,
    "medianResTime" : 12.0,
    "minResTime" : 1.0,
    "maxResTime" : 97.0,
    "pct1ResTime" : 44.0,
    "pct2ResTime" : 55.94999999999993,
    "pct3ResTime" : 80.95000000000005,
    "throughput" : 10.078308456708626,
    "receivedKBytesPerSec" : 3.7686377843342775,
    "sentKBytesPerSec" : 3.9286506152807315
  },
  "Get Schedules" : {
    "transaction" : "Get Schedules",
    "sampleCount" : 1000,
    "errorCount" : 591,
    "errorPct" : 59.1,
    "meanResTime" : 847.7869999999999,
    "medianResTime" : 104.0,
    "minResTime" : 1.0,
    "maxResTime" : 6098.0,
    "pct1ResTime" : 2802.8999999999996,
    "pct2ResTime" : 3786.6499999999996,
    "pct3ResTime" : 5203.950000000001,
    "throughput" : 9.659036028204387,
    "receivedKBytesPerSec" : 110.89582654182362,
    "sentKBytesPerSec" : 2.7908199917898195
  },
  "Login" : {
    "transaction" : "Login",
    "sampleCount" : 1000,
    "errorCount" : 199,
    "errorPct" : 19.9,
    "meanResTime" : 76.92000000000004,
    "medianResTime" : 84.0,
    "minResTime" : 0.0,
    "maxResTime" : 178.0,
    "pct1ResTime" : 117.0,
    "pct2ResTime" : 127.0,
    "pct3ResTime" : 148.0,
    "throughput" : 10.016828271496115,
    "receivedKBytesPerSec" : 29.420823467800908,
    "sentKBytesPerSec" : 3.9015350476300186
  },
  "Get Exercises" : {
    "transaction" : "Get Exercises",
    "sampleCount" : 1000,
    "errorCount" : 314,
    "errorPct" : 31.4,
    "meanResTime" : 27.790999999999997,
    "medianResTime" : 22.0,
    "minResTime" : 1.0,
    "maxResTime" : 108.0,
    "pct1ResTime" : 59.0,
    "pct2ResTime" : 70.0,
    "pct3ResTime" : 89.99000000000001,
    "throughput" : 9.734349599431514,
    "receivedKBytesPerSec" : 6062.064349830623,
    "sentKBytesPerSec" : 2.8125806125826203
  },
  "Get Unlocked Achievements" : {
    "transaction" : "Get Unlocked Achievements",
    "sampleCount" : 1000,
    "errorCount" : 159,
    "errorPct" : 15.9,
    "meanResTime" : 16.58599999999997,
    "medianResTime" : 11.0,
    "minResTime" : 1.0,
    "maxResTime" : 93.0,
    "pct1ResTime" : 40.0,
    "pct2ResTime" : 52.0,
    "pct3ResTime" : 72.99000000000001,
    "throughput" : 10.087051252307413,
    "receivedKBytesPerSec" : 3.1637583123606725,
    "sentKBytesPerSec" : 3.0359660116808054
  },
  "Schedule Routine" : {
    "transaction" : "Schedule Routine",
    "sampleCount" : 1000,
    "errorCount" : 328,
    "errorPct" : 32.8,
    "meanResTime" : 33.761000000000024,
    "medianResTime" : 23.0,
    "minResTime" : 1.0,
    "maxResTime" : 143.0,
    "pct1ResTime" : 76.0,
    "pct2ResTime" : 90.94999999999993,
    "pct3ResTime" : 113.98000000000002,
    "throughput" : 9.659689151203114,
    "receivedKBytesPerSec" : 4.350671167276837,
    "sentKBytesPerSec" : 4.627924999154778
  },
  "Create Post" : {
    "transaction" : "Create Post",
    "sampleCount" : 1000,
    "errorCount" : 418,
    "errorPct" : 41.8,
    "meanResTime" : 24.610999999999983,
    "medianResTime" : 15.0,
    "minResTime" : 1.0,
    "maxResTime" : 144.0,
    "pct1ResTime" : 62.0,
    "pct2ResTime" : 73.94999999999993,
    "pct3ResTime" : 105.99000000000001,
    "throughput" : 10.078105316200554,
    "receivedKBytesPerSec" : 4.799638605442177,
    "sentKBytesPerSec" : 4.178673784328547
  },
  "Get Following" : {
    "transaction" : "Get Following",
    "sampleCount" : 1000,
    "errorCount" : 152,
    "errorPct" : 15.2,
    "meanResTime" : 14.859000000000005,
    "medianResTime" : 9.0,
    "minResTime" : 1.0,
    "maxResTime" : 90.0,
    "pct1ResTime" : 36.89999999999998,
    "pct2ResTime" : 47.94999999999993,
    "pct3ResTime" : 65.98000000000002,
    "throughput" : 10.078511605406113,
    "receivedKBytesPerSec" : 3.1433735990868867,
    "sentKBytesPerSec" : 3.0004339271676357
  },
  "Get Posts" : {
    "transaction" : "Get Posts",
    "sampleCount" : 1000,
    "errorCount" : 578,
    "errorPct" : 57.8,
    "meanResTime" : 2040.7090000000028,
    "medianResTime" : 753.5,
    "minResTime" : 1.0,
    "maxResTime" : 11605.0,
    "pct1ResTime" : 6144.2,
    "pct2ResTime" : 8756.099999999997,
    "pct3ResTime" : 10639.6,
    "throughput" : 10.074145712443585,
    "receivedKBytesPerSec" : 245.97929432498188,
    "sentKBytesPerSec" : 2.89354256704344
  },
  "Total" : {
    "transaction" : "Total",
    "sampleCount" : 16000,
    "errorCount" : 4970,
    "errorPct" : 31.0625,
    "meanResTime" : 259.6616249999995,
    "medianResTime" : 17.0,
    "minResTime" : 0.0,
    "maxResTime" : 11605.0,
    "pct1ResTime" : 167.6999999999989,
    "pct2ResTime" : 1739.949999999999,
    "pct3ResTime" : 5267.939999999999,
    "throughput" : 154.2510628862302,
    "receivedKBytesPerSec" : 6590.862029202859,
    "sentKBytesPerSec" : 78.45988222087787
  },
  "Get Routines" : {
    "transaction" : "Get Routines",
    "sampleCount" : 1000,
    "errorCount" : 559,
    "errorPct" : 55.9,
    "meanResTime" : 938.2629999999996,
    "medianResTime" : 139.5,
    "minResTime" : 1.0,
    "maxResTime" : 6319.0,
    "pct1ResTime" : 3097.2,
    "pct2ResTime" : 4376.049999999997,
    "pct3ResTime" : 5695.680000000002,
    "throughput" : 9.733781087263347,
    "receivedKBytesPerSec" : 121.50158021852339,
    "sentKBytesPerSec" : 2.8733665498612937
  },
  "Get Followers" : {
    "transaction" : "Get Followers",
    "sampleCount" : 1000,
    "errorCount" : 149,
    "errorPct" : 14.9,
    "meanResTime" : 15.846000000000007,
    "medianResTime" : 10.0,
    "minResTime" : 1.0,
    "maxResTime" : 107.0,
    "pct1ResTime" : 40.0,
    "pct2ResTime" : 52.0,
    "pct3ResTime" : 73.0,
    "throughput" : 10.079222690346121,
    "receivedKBytesPerSec" : 3.137541939015663,
    "sentKBytesPerSec" : 3.000645621459673
  },
  "Create Routine" : {
    "transaction" : "Create Routine",
    "sampleCount" : 1000,
    "errorCount" : 336,
    "errorPct" : 33.6,
    "meanResTime" : 33.72599999999995,
    "medianResTime" : 24.0,